{"cameraMode":{"drawMode":0,"name":"Shaded","section":"Shading Mode"},"sceneLighting":true,"audioPlay":false,"sceneViewState":{"showFog":true,"showMaterialUpdate":false,"showSkybox":true,"showFlares":true,"showImageEffects":true,"showParticleSystems":true},"in2DMode":false,"pivot":{"x":10.229999542236329,"y":1.3200000524520875,"z":6.88040018081665},"rotation":{"x":-0.10969644784927368,"y":-0.8705276250839233,"z":0.22553090751171113,"w":-0.4234195053577423},"size":4.175134658813477,"orthographic":true}